,AUC,Accuracy,Precision,Recall
Training,0.7936422028197238,0.7419804741980475,0.2808219178082192,0.6910112359550562
Testing,0.7999603489294211,0.541159627773801,0.16378162450066577,0.9044117647058824
