covariate,coef,exp(coef),se(coef),coef lower 95%,coef upper 95%,exp(coef) lower 95%,exp(coef) upper 95%,z,p,-log2(p)
V0WOPNKL,0.2071502020007804,1.2301673314992516,0.01911442596619719,0.1696866155218767,0.24461378847968412,1.1849334533763325,1.2771279764074353,10.837374994525817,2.2894615576307555e-27,88.49705022104914
