,AUC,Accuracy,Precision,Recall
Training,0.7516460316324338,0.7217573221757322,0.25820568927789933,0.6629213483146067
Testing,0.7069436021831413,0.5139584824624195,0.1450980392156863,0.8161764705882353
