,AUC,Accuracy,Precision,Recall
Training,0.6872271523652759,0.6464435146443515,0.2036036036036036,0.6348314606741573
Testing,0.653572094975976,0.12741589119541877,0.1003690036900369,1.0
