,AUC,Accuracy,Precision,Recall
Training,0.7450797967508767,0.6861924686192469,0.2364341085271318,0.6853932584269663
Testing,0.6660913374072864,0.5375805297065139,0.14285714285714285,0.75
