,AUC,Accuracy,Precision,Recall
Training,0.7487296929793174,0.6952580195258019,0.24048096192384769,0.6741573033707865
Testing,0.7092993422587116,0.11381531853972798,0.09898107714701601,1.0
