,AUC,Accuracy,Precision,Recall
Training,0.7077936019466113,0.6959553695955369,0.2345679012345679,0.6404494382022472
Testing,0.6541202127163317,0.560486757337151,0.12888198757763975,0.6102941176470589
