,AUC,Accuracy,Precision,Recall
Training,0.7404592786087454,0.7154811715481172,0.24444444444444444,0.6179775280898876
Testing,0.6804590194523488,0.17752326413743735,0.1033672670321065,0.9705882352941176
