{"Low risk": [[[1.813044376831741, true]]], "Medium risk": [[[1.813044376831741, false]], [[3.2874573609291438, true]]], "High risk": [[[3.2874573609291438, false]]]}