,AUC,Accuracy,Precision,Recall
Training,0.700274636799542,0.6464435146443515,0.19926873857404023,0.6123595505617978
Testing,0.5857104538881373,0.23192555476020044,0.10330228619813717,0.8970588235294118
