,AUC,Accuracy,Precision,Recall
Training,0.776202318757604,0.703626220362622,0.25544554455445545,0.7247191011235955
Testing,0.7469620282688809,0.5934144595561919,0.16972477064220184,0.8161764705882353
